[
  {
    "id":"debug",
    "label":"enable debug logging",
    "type":"bool",
    "default":"false"
  },
  {
    "id":"localmediaagent",
    "label":"disable agents artwork support (use local media assets instead)",
    "type":"bool",
    "default":"false"
  },
  {
    "id":"assetslocation",
    "label":"agents artwork location",
    "type": "enum",
    "values": [
      "local",
      "link",
    ],
    "default": "local"
  },
  {
    "id":"dayfirst",
    "label":"enable day first in ambiguous dates",
    "type":"bool",
    "default":"false"
  },
  {
    "id":"beforerating",
    "label":"text before rating (supports html specialchars!):",
    "type":"text",
    "default":"&#9733; "
  },
  {
    "id":"afterrating",
    "label":"text after rating (supports html specialchars!):",
    "type":"text",
    "default":" | "
  },
  {
    "id":"preserverating",
    "label":"pad .nfo rating with texts above and place it in front of summary\n__________________________________________________________________________________________",
    "type":"bool",
    "default":"false"
  },
  {
    "id":"statusinsummary",
    "label":"show status (ended/continuing) in front of summary\n__________________________________________________________________________________________",
    "type":"bool",
    "default":"false"
  },
  {
    "id":"beforeratingep",
    "label":"text before episode rating (supports html specialchars!):",
    "type":"text",
    "default":"&#9733; "
  },
  {
    "id":"afterratingep",
    "label":"text after episode rating (supports html specialchars!):",
    "type":"text",
    "default":" | "
  },
  {
    "id":"preserveratingep",
    "label":"pad .nfo rating with texts above and place it in front of episode summary\n__________________________________________________________________________________________",
    "type":"bool",
    "default":"false"
  },
  {
    "id":"ratings",
    "label":"Restrict additional ratings to identifiers separated by comma (eg: IMDb, RT). If left empty all ratings found will be included.",
    "type":"text",
    "default":""
  },
  {
    "id":"ratingspos",
    "label":"position for additional ratings in summary",
    "type": "enum",
    "values": [
      "front",
      "back"
    ],
    "default": "back"
  },
  {
    "id":"altratings",
    "label":"enable additional ratings support",
    "type":"bool",
    "default":"false"
  },
  {
    "id":"athumblocation",
    "label":"actor thumb location",
    "type": "enum",
    "values": [
      "link",
      "local",
      "global"
    ],
    "default": "link"
  },
  {
    "id":"athumbpath",
    "label":"path to tv show library or global actor folder",
    "type":"text",
    "default":"http://localhost"
  },
  {
    "id":"multEpisodePlexPatch",
    "label":"Combine multiple episodes infos. (File naming for multiple episodes must differ from plex naming convention to remove/hide latter episodes from Plex scanner! (e.g. S01E01-02 instead of S01E01-E02))",
    "type":"bool",
    "default":"false"
  },
  {
    "id":"multEpisodeTitleSeparator",
    "label":"Multi episode title separator:",
    "type":"text",
    "default":" : "
  }
]
